{
  "absolute_tolerance": 0.0001,
  "checkpoint_sha256": "ac3cf138930a8b6f52dcb064ff44ace39b701d3412812e457930463073e5eca0",
  "fixtures": [
    {
      "expected_logits": [
        -2.066323757171631,
        3.3937904834747314,
        5.393975257873535,
        2.740421772003174,
        -4.206475257873535,
        -0.34447944164276123,
        0.8269761800765991,
        8.564230918884277,
        2.3528249263763428,
        5.455063819885254,
        1.0661221742630005,
        3.360651731491089,
        1.4459011554718018,
        3.272934913635254,
        3.1942930221557617,
        -1.0982609987258911,
        -5.6612653732299805,
        0.38814577460289,
        -1.8852099180221558,
        5.1129889488220215,
        -9.06324291229248,
        -0.8968405723571777,
        -4.433691024780273,
        -2.813910961151123,
        -2.5063912868499756,
        -6.968949317932129,
        -1.9610278606414795,
        0.25614070892333984,
        -3.4448986053466797,
        5.240326881408691,
        5.091799259185791,
        3.5027270317077637,
        4.096529960632324,
        0.46683382987976074,
        -1.3462345600128174,
        6.512025833129883,
        -1.7191877365112305,
        5.679830074310303,
        -1.8938963413238525,
        -0.6414948105812073,
        -0.4779318571090698,
        0.837222695350647,
        1.6346395015716553,
        -1.750140905380249,
        -6.06696081161499,
        1.83589506149292,
        3.285205364227295,
        1.3258984088897705,
        2.151885986328125,
        -2.547093391418457,
        5.228113651275635,
        -3.7609708309173584,
        -3.2143094539642334,
        4.054990768432617,
        -2.9095523357391357,
        -3.001035213470459,
        -5.240408420562744,
        -1.622951865196228,
        -8.344615936279297,
        -6.983405113220215,
        5.235718727111816,
        -0.7528641223907471,
        -7.652555465698242,
        -5.091652870178223,
        0.4937885105609894,
        -5.228789806365967,
        7.668737411499023,
        0.873294472694397,
        -8.60854434967041,
        -1.39821195602417,
        2.7543978691101074,
        5.172180652618408,
        -0.7505190372467041,
        -0.8045170903205872,
        -2.6484169960021973,
        6.2382049560546875,
        -2.13468074798584,
        1.1476417779922485,
        -2.3897786140441895,
        3.8961870670318604,
        3.0309624671936035,
        2.073991298675537,
        -1.6520068645477295,
        1.6227794885635376,
        -7.038023948669434,
        3.4973666667938232,
        -2.665482759475708,
        1.2972338199615479,
        2.4170515537261963,
        -0.051334500312805176,
        3.508747100830078,
        -0.36582329869270325,
        -1.8257688283920288,
        -11.268993377685547,
        -0.948541522026062,
        -3.29710054397583,
        -4.689134120941162,
        -0.8943313360214233,
        0.8736165165901184,
        4.866779327392578,
        0.9294905662536621,
        0.6886382102966309,
        4.064297676086426,
        -3.423224449157715,
        -2.344390392303467,
        -7.630553722381592,
        -1.2748465538024902,
        -2.3666296005249023,
        2.349085807800293,
        2.5769922733306885,
        -4.183298587799072,
        9.885965347290039,
        3.910432815551758,
        7.722582817077637,
        2.6159958839416504,
        1.1960060596466064,
        7.905447959899902,
        2.0628902912139893,
        -3.152996063232422,
        2.770686626434326,
        -4.383877754211426,
        2.4527640342712402,
        -4.389399528503418,
        -2.5451459884643555,
        -2.9448792934417725,
        -5.542656898498535,
        3.7647039890289307,
        -2.964066743850708,
        1.9045478105545044,
        5.034945487976074,
        7.452547073364258,
        -0.27921003103256226,
        2.5431785583496094,
        1.4803980588912964,
        0.39810508489608765,
        -0.9858393669128418,
        -4.977431297302246,
        -0.43242254853248596,
        -3.594970941543579,
        0.45281994342803955,
        4.049559593200684,
        -5.593235015869141,
        -0.5872271060943604,
        0.9605146646499634,
        1.8792707920074463,
        -2.5736987590789795,
        3.4398467540740967,
        -1.1430892944335938,
        5.515857696533203,
        -0.07008141279220581,
        2.0497982501983643,
        -0.7835034132003784,
        -1.8075001239776611,
        -1.0868728160858154,
        1.7772682905197144,
        -6.102592468261719,
        -2.272911548614502,
        0.38626593351364136,
        2.2235100269317627,
        -3.5158510208129883,
        4.222209930419922,
        1.786609172821045,
        1.5192127227783203
      ],
      "expected_top_five": [
        111,
        7,
        116,
        113,
        66
      ],
      "fill": 0.0,
      "name": "zeros",